{"cameraMode":{"drawMode":0,"name":"Shaded","section":"Shading Mode"},"sceneLighting":false,"audioPlay":false,"sceneViewState":{"m_AlwaysRefresh":false,"showFog":true,"showSkybox":false,"showFlares":true,"showImageEffects":true,"showParticleSystems":true,"showVisualEffectGraphs":true,"m_FxEnabled":true},"in2DMode":false,"pivot":{"x":7.552978038787842,"y":-3.050222873687744,"z":-1.7243309020996094},"rotation":{"x":0.17464467883110047,"y":-0.05581261217594147,"z":0.009781897068023682,"w":0.9830690026283264},"size":10.323162078857422,"orthographic":false}